[{"obj_id": "Monitor Critical Services Based on Health Score", "obj_type": "correlation_search", "obj_app": "itsi", "obj_storename": "itsi_correlation_search", "obj_shared_by_inclusion": true, "obj_acl": {"obj_owner": "nobody", "read": ["*"], "write": ["*"], "delete": []}, "acl_id": "0c08d8c8-c42b-11ea-8371-0226eb5e2abe", "acl_owner": "nobody", "_user": "nobody", "_key": "0c08d8c8-c42b-11ea-8371-0226eb5e2abe"}, {"obj_id": "itsi_default_policy", "obj_type": "notable_event_aggregation_policy", "obj_app": "itsi", "obj_storename": "itsi_notable_event_aggregation_policy", "obj_shared_by_inclusion": true, "obj_acl": {"obj_owner": "nobody", "read": ["*"], "write": ["*"], "delete": []}, "acl_id": "0cfe218e-c42b-11ea-8371-0226eb5e2abe", "acl_owner": "nobody", "_user": "nobody", "_key": "0cfe218e-c42b-11ea-8371-0226eb5e2abe"}, {"obj_id": "normalized_aggregation_policy", "obj_type": "notable_event_aggregation_policy", "obj_app": "itsi", "obj_storename": "itsi_notable_event_aggregation_policy", "obj_shared_by_inclusion": true, "obj_acl": {"obj_owner": "nobody", "read": ["*"], "write": ["*"], "delete": []}, "acl_id": "0cfe218f-c42b-11ea-8371-0226eb5e2abe", "acl_owner": "nobody", "_user": "nobody", "_key": "0cfe218f-c42b-11ea-8371-0226eb5e2abe"}, {"obj_id": "itsi_default_snmp_policy", "obj_type": "notable_event_aggregation_policy", "obj_app": "itsi", "obj_storename": "itsi_notable_event_aggregation_policy", "obj_shared_by_inclusion": true, "obj_acl": {"obj_owner": "nobody", "read": ["*"], "write": ["*"], "delete": []}, "acl_id": "0cfe2190-c42b-11ea-8371-0226eb5e2abe", "acl_owner": "nobody", "_user": "nobody", "_key": "0cfe2190-c42b-11ea-8371-0226eb5e2abe"}, {"obj_id": "kpi_alerting_policy", "obj_type": "notable_event_aggregation_policy", "obj_app": "itsi", "obj_storename": "itsi_notable_event_aggregation_policy", "obj_shared_by_inclusion": true, "obj_acl": {"obj_owner": "nobody", "read": ["*"], "write": ["*"], "delete": []}, "acl_id": "0cfe2191-c42b-11ea-8371-0226eb5e2abe", "acl_owner": "nobody", "_user": "nobody", "_key": "0cfe2191-c42b-11ea-8371-0226eb5e2abe"}, {"obj_id": "Splunk App for Infrastructure Alerts", "obj_type": "correlation_search", "obj_app": "itsi", "obj_storename": "itsi_correlation_search", "obj_shared_by_inclusion": true, "obj_acl": {"obj_owner": "nobody", "read": ["*"], "write": ["*"], "delete": []}, "acl_id": "0d64303e-c42b-11ea-8371-0226eb5e2abe", "acl_owner": "nobody", "_user": "nobody", "_key": "0d64303e-c42b-11ea-8371-0226eb5e2abe"}, {"obj_id": "Normalized Correlation Search", "obj_type": "correlation_search", "obj_app": "itsi", "obj_storename": "itsi_correlation_search", "obj_shared_by_inclusion": true, "obj_acl": {"obj_owner": "nobody", "read": ["*"], "write": ["*"], "delete": []}, "acl_id": "0d643041-c42b-11ea-8371-0226eb5e2abe", "acl_owner": "nobody", "_user": "nobody", "_key": "0d643041-c42b-11ea-8371-0226eb5e2abe"}, {"obj_id": "SNMP Traps", "obj_type": "correlation_search", "obj_app": "itsi", "obj_storename": "itsi_correlation_search", "obj_shared_by_inclusion": true, "obj_acl": {"obj_owner": "nobody", "read": ["*"], "write": ["*"], "delete": []}, "acl_id": "0e933752-c42b-11ea-8371-0226eb5e2abe", "acl_owner": "nobody", "_user": "nobody", "_key": "0e933752-c42b-11ea-8371-0226eb5e2abe"}, {"obj_id": "Bidirectional Ticketing", "obj_type": "correlation_search", "obj_app": "itsi", "obj_storename": "itsi_correlation_search", "obj_shared_by_inclusion": true, "obj_acl": {"obj_owner": "nobody", "read": ["*"], "write": ["*"], "delete": []}, "acl_id": "0e933755-c42b-11ea-8371-0226eb5e2abe", "acl_owner": "nobody", "_user": "nobody", "_key": "0e933755-c42b-11ea-8371-0226eb5e2abe"}, {"obj_id": "3d5da9e2-c437-11ea-8398-0226eb5e2abe", "obj_type": "home_view", "obj_app": "itsi", "obj_storename": "itsi_service_analyzer", "obj_shared_by_inclusion": true, "obj_acl": {"obj_owner": "nobody", "read": ["*"], "write": ["*"], "delete": ["*"]}, "acl_id": "3d5da9e3-c437-11ea-8398-0226eb5e2abe", "acl_owner": "nobody", "_user": "nobody", "_key": "3d5da9e3-c437-11ea-8398-0226eb5e2abe"}, {"obj_id": "admin", "obj_type": "home_view", "obj_app": "itsi", "obj_storename": "itsi_service_analyzer", "obj_shared_by_inclusion": true, "obj_acl": {"obj_owner": "nobody", "read": ["*"], "write": ["*"], "delete": ["*"]}, "acl_id": "fdacc46a-c42c-11ea-8372-0226eb5e2abe", "acl_owner": "nobody", "_user": "nobody", "_key": "fdacc46a-c42c-11ea-8372-0226eb5e2abe"}]