[{"_type": "entity", "create_by": "admin", "create_source": "unknown", "create_time": "2020-07-12 11:15:38.775481", "description": "", "identifier": {"fields": ["itsi_entity", "object"], "values": ["data_source:amer:syslog", "amer:syslog"]}, "informational": {"fields": ["itsi_role", "object_category", "trackme_monitored_state", "trackme_priority"], "values": ["trackme", "data_source", "enabled", "high"]}, "mod_by": "admin", "mod_source": "REST", "mod_time": "2020-07-12 11:15:39.036410", "object_type": "entity", "services": [{"_key": "72020638-01b9-42f1-ac36-41ecb785c359", "title": "TrackMe template service"}, {"_key": "66771673-6cef-4ee8-8035-3dc54448eb0a", "title": "Splunk Syslog Ingestion"}, {"_key": "06aa62dd-4aa6-4f2b-8fae-a5511268cccb", "title": "AMER Syslog"}], "title": "data_source:AMER:syslog", "identifying_name": "data_source:amer:syslog", "itsi_entity": ["data_source:AMER:syslog"], "object": ["AMER:syslog"], "itsi_role": ["trackme"], "object_category": ["data_source"], "trackme_priority": ["high"], "trackme_monitored_state": ["enabled"], "mod_timestamp": "2020-07-12T11:15:39.036916+00:00", "_version": "4.4.4", "sec_grp": "default_itsi_security_group", "_itsi_identifier_lookups": ["object=amer:syslog", "itsi_entity=data_source:amer:syslog"], "permissions": {"user": "nobody", "group": {"read": true, "write": true, "delete": true}, "read": true, "write": true, "delete": true}, "_user": "nobody", "_key": "6b0386ef-3d87-4f28-8d53-05304d30299c"}, {"_type": "entity", "create_by": "admin", "create_source": "unknown", "create_time": "2020-07-12 11:15:38.775636", "description": "", "identifier": {"fields": ["itsi_entity", "object"], "values": ["data_source:apac:syslog", "apac:syslog"]}, "informational": {"fields": ["itsi_role", "object_category", "trackme_monitored_state", "trackme_priority"], "values": ["trackme", "data_source", "enabled", "high"]}, "mod_by": "admin", "mod_source": "REST", "mod_time": "2020-07-12 11:15:39.036493", "object_type": "entity", "services": [{"_key": "72020638-01b9-42f1-ac36-41ecb785c359", "title": "TrackMe template service"}, {"_key": "66771673-6cef-4ee8-8035-3dc54448eb0a", "title": "Splunk Syslog Ingestion"}, {"_key": "8a96bc6b-0a84-47aa-bfb1-fde2f9a2287d", "title": "APAC Syslog"}], "title": "data_source:APAC:syslog", "identifying_name": "data_source:apac:syslog", "itsi_entity": ["data_source:APAC:syslog"], "object": ["APAC:syslog"], "itsi_role": ["trackme"], "object_category": ["data_source"], "trackme_priority": ["high"], "trackme_monitored_state": ["enabled"], "mod_timestamp": "2020-07-12T11:15:39.036946+00:00", "_version": "4.4.4", "sec_grp": "default_itsi_security_group", "_itsi_identifier_lookups": ["itsi_entity=data_source:apac:syslog", "object=apac:syslog"], "permissions": {"user": "nobody", "group": {"read": true, "write": true, "delete": true}, "read": true, "write": true, "delete": true}, "_user": "nobody", "_key": "91507c08-b5dc-4a83-a35f-66f0952591dd"}, {"_type": "entity", "create_by": "admin", "create_source": "unknown", "create_time": "2020-07-12 11:15:38.775759", "description": "", "identifier": {"fields": ["itsi_entity", "object"], "values": ["data_source:emea:syslog", "emea:syslog"]}, "informational": {"fields": ["itsi_role", "object_category", "trackme_monitored_state", "trackme_priority"], "values": ["trackme", "data_source", "enabled", "high"]}, "mod_by": "admin", "mod_source": "REST", "mod_time": "2020-07-12 11:15:39.036538", "object_type": "entity", "services": [{"_key": "72020638-01b9-42f1-ac36-41ecb785c359", "title": "TrackMe template service"}, {"_key": "66771673-6cef-4ee8-8035-3dc54448eb0a", "title": "Splunk Syslog Ingestion"}, {"_key": "169b4b62-5c2a-4d60-95fa-c6745af7fd3d", "title": "EMEA Syslog"}], "title": "data_source:EMEA:syslog", "identifying_name": "data_source:emea:syslog", "itsi_entity": ["data_source:EMEA:syslog"], "object": ["EMEA:syslog"], "itsi_role": ["trackme"], "object_category": ["data_source"], "trackme_priority": ["high"], "trackme_monitored_state": ["enabled"], "mod_timestamp": "2020-07-12T11:15:39.036956+00:00", "_version": "4.4.4", "sec_grp": "default_itsi_security_group", "_itsi_identifier_lookups": ["object=emea:syslog", "itsi_entity=data_source:emea:syslog"], "permissions": {"user": "nobody", "group": {"read": true, "write": true, "delete": true}, "read": true, "write": true, "delete": true}, "_user": "nobody", "_key": "9c37873c-3aba-46af-9931-70d7b5942469"}]