[{"isDefault": true, "title": "", "description": "", "mod_time": "", "acl": {"can_change_perms": true, "can_share_app": true, "can_share_global": true, "can_share_user": true, "can_write": true, "modifiable": true, "owner": "admin", "perms": {"read": ["*"], "write": ["*"]}, "sharing": "app"}, "_owner": "nobody", "source_itsi_da": "itsi", "serviceWhitelist": "", "kpiWhitelist": [], "isServiceFilterEnabled": false, "isKpiFilterEnabled": false, "serviceTilesSettings": {"isFilterEnabled": false, "numTiles": 50}, "kpiTilesSettings": {"isFilterEnabled": false, "numTiles": 50}, "earliest_time": "-12h", "latest_time": "now", "view": "standard", "viewType": "tile", "tileSize": "large", "showDisabledServices": 0, "searchType": "aggregate", "serviceFilterString": "", "kpiFilterString": "", "mod_source": "REST", "object_type": "home_view", "mod_timestamp": "2020-07-12T10:46:50.441459+00:00", "_version": "4.4.4", "identifying_name": "", "_user": "nobody", "_key": "admin"}, {"isDefault": false, "title": "Service Analyzer Syslog Ingestion", "description": "", "mod_time": "2020-07-12 13:00:11", "acl": {"can_change_perms": true, "can_share_app": true, "can_share_global": true, "can_share_user": true, "can_write": true, "modifiable": true, "owner": "admin", "perms": {"read": ["*"], "write": ["*"]}, "sharing": "app"}, "_owner": "nobody", "source_itsi_da": "itsi", "serviceWhitelist": "66771673-6cef-4ee8-8035-3dc54448eb0a,169b4b62-5c2a-4d60-95fa-c6745af7fd3d,8a96bc6b-0a84-47aa-bfb1-fde2f9a2287d,06aa62dd-4aa6-4f2b-8fae-a5511268cccb", "kpiWhitelist": [], "isServiceFilterEnabled": true, "isKpiFilterEnabled": false, "serviceTilesSettings": {"isFilterEnabled": true, "numTiles": 50}, "kpiTilesSettings": {"isFilterEnabled": false, "numTiles": 50}, "earliest_time": "-12h", "latest_time": "now", "view": "standard", "viewType": "service_topology", "tileSize": "large", "showDisabledServices": 0, "searchType": "aggregate", "serviceFilterString": "*Syslog*", "kpiFilterString": "", "mod_source": "REST", "object_type": "home_view", "mod_timestamp": "2020-07-12T12:00:12.070414+00:00", "_version": "4.4.4", "identifying_name": "service analyzer syslog ingestion", "interactable": true, "selectedServiceId": "66771673-6cef-4ee8-8035-3dc54448eb0a", "selectedKpiId": "", "showServiceDependencies": false, "_user": "nobody", "_key": "3d5da9e2-c437-11ea-8398-0226eb5e2abe"}]