[{"_immutable": "0", "acl": {"owner": "nobody", "read": ["itoa_admin", "itoa_analyst", "itoa_user", "*"], "write": ["itoa_admin"], "delete": ["itoa_admin"]}, "description": "Default team for ITSI", "title": "Global", "mod_source": "REST", "object_type": "team", "mod_timestamp": "2020-07-12T10:32:59.713017+00:00", "_version": "4.4.4", "identifying_name": "global", "children": [], "parents": [], "_user": "nobody", "_key": "default_itsi_security_group", "permissions": {"user": "nobody", "group": {"read": true, "write": true, "delete": true}, "read": true, "write": true, "delete": true}}]