[{"backup_history": [{"search_head_id": "4472E3CC-F180-4CEA-AC19-B7A7F25DF64A", "create_time": 1594549980.9786224, "file_name": "ItsiDefaultScheduledBackup-1594549980"}], "mod_source": "REST", "object_type": "backup_restore", "path": "/opt/splunk/var/itsi/backups/ItsiDefaultScheduledBackup/backup", "status": "Scheduled Daily", "last_error": "None", "start_time": 1594549980.9786224, "end_time": 1594549985.172935, "search_head_id": "4472E3CC-F180-4CEA-AC19-B7A7F25DF64A", "title": "Default Scheduled Backup", "job_type": "Backup", "scheduled": 1, "scheduled_time": 1594602000.729353, "include_conf_files": 1, "frequency": "daily", "_owner": "nobody", "enabled": 1, "keep_max_time": 604800, "mod_timestamp": "2020-07-12T12:09:38.255988+00:00", "_version": "4.4.4", "identifying_name": "default scheduled backup", "_user": "nobody", "_key": "ItsiDefaultScheduledBackup"}]